4A4DDE,Corey,Ivy,wowl,eloise,,,,
fb0442,Celia,Lia,cece,dreaminginging,abigail,,,
efcf01,Jamie,James,Jambly,Jammbly,Jammy,juliandy,juliejammy,adelaide
55aa6c,Meredith,Meri,mereweather,,,,,
de2196,elizabeth,,,,,,,
2c3549,"jake
",jakeman,mal,malcolm reynolds,,,,
8e3e33,Paul,,,,,,,
2d2dd2,Tanya,,,,,,,
8b11ee,Fia,,,,,,,
0d7243,Robert,,,,,,,
41beb1,Eli,Neil,,,,,,
86040d,Colin,Leon,,,,,,
bbcbf2,Shea,Dianne,,,,,,
f2ee0d,Lucy,Edie,,,,,,
402d8b,Miriam,Dr. Regine,,,,,,
fe9d01,Sam,Henry,,,,,,
bfff00,Lena,Nancy,,,,,,
73b649,Aaron,,,,,,,
61879,Kai,,,,,,,
6d2c6d,Yumi,,,,,,,
5b32cd,Bea,,,,,,,
3366ff,Theo,,,,,,,
129ded,isabel,revelheaded,,,,,,
ff6169,farzaneh,beforeievermetyou,,,,,,
01f1fe,emma,,,,,,,
f575e2,michelle,,,,,,,
e5d1ff,Ash,revelaTO,,,,,,
f1fbbc,fuckyeahrevelations,,,,,,,
